country_two_short_code,country_short_code,country_name,land_mass,population_size,continent
AD,AND,Andorra,468,77006,EU
AE,ARE,United-Arab-Emirates,82880,9630959,AS
AF,AFG,Afghanistan,647500,37172386,AS
AG,ATG,Antigua-and-Barbuda,443,96286,NA
AI,AIA,Anguilla,102,13254,NA
AL,ALB,Albania,28748,2866376,EU
AM,ARM,Armenia,29800,2951776,AS
AN,ANT,Netherlands-Antilles,960,300000,NA
AO,AGO,Angola,1246700,30809762,AF
AQ,ATA,Antarctica,14000000,0,AN
AR,ARG,Argentina,2766890,44494502,SA
AS,ASM,American-Samoa,199,55465,OC
AT,AUT,Austria,83858,8847037,EU
AU,AUS,Australia,7686850,24992369,OC
AW,ABW,Aruba,193,105845,NA
AX,ALA,Åland,1580,26711,EU
AZ,AZE,Azerbaijan,86600,9942334,AS
BA,BIH,Bosnia-and-Herzegovina,51129,3323929,EU
BB,BRB,Barbados,431,286641,NA
BD,BGD,Bangladesh,144000,161356039,AS
BE,BEL,Belgium,30510,11422068,EU
BF,BFA,Burkina-Faso,274200,19751535,AF
BG,BGR,Bulgaria,110910,7000039,EU
BH,BHR,Bahrain,665,1569439,AS
BI,BDI,Burundi,27830,11175378,AF
BJ,BEN,Benin,112620,11485048,AF
BL,BLM,Saint-Barthélemy,21,8450,NA
BM,BMU,Bermuda,53,63968,NA
BN,BRN,Brunei,5770,428962,AS
BO,BOL,Bolivia,1098580,11353142,SA
BQ,BES,Bonaire-Sint-Eustatius-and-Saba,328,18012,NA
BR,BRA,Brazil,8511965,209469333,SA
BS,BHS,Bahamas,13940,385640,NA
BT,BTN,Bhutan,47000,754394,AS
BV,BVT,Bouvet-Island,49,0,AN
BW,BWA,Botswana,600370,2254126,AF
BY,BLR,Belarus,207600,9485386,EU
BZ,BLZ,Belize,22966,383071,NA
CA,CAN,Canada,9984670,37058856,NA
CC,CCK,Cocos-[Keeling]-Islands,14,628,AS
CD,COD,DR-Congo,2345410,84068091,AF
CF,CAF,Central-African-Republic,622984,4666377,AF
CG,COG,Congo-Republic,342000,5244363,AF
CH,CHE,Switzerland,41290,8516543,EU
CI,CIV,Ivory-Coast,322460,25069229,AF
CK,COK,Cook-Islands,240,21388,OC
CL,CHL,Chile,756950,18729160,SA
CM,CMR,Cameroon,475440,25216237,AF
CN,CHN,China,9596960,1392730000,AS
CO,COL,Colombia,1138910,49648685,SA
CR,CRI,Costa-Rica,51100,4999441,NA
CS,SCG,Serbia-and-Montenegro,102350,10829175,EU
CU,CUB,Cuba,110860,11338138,NA
CV,CPV,Cabo-Verde,4033,543767,AF
CW,CUW,Curaçao,444,159849,NA
CX,CXR,Christmas-Island,135,1500,OC
CY,CYP,Cyprus,9250,1189265,EU
CZ,CZE,Czechia,78866,10625695,EU
DE,DEU,Germany,357021,82927922,EU
DJ,DJI,Djibouti,23000,958920,AF
DK,DNK,Denmark,43094,5797446,EU
DM,DMA,Dominica,754,71625,NA
DO,DOM,Dominican-Republic,48730,10627165,NA
DZ,DZA,Algeria,2381740,42228429,AF
EC,ECU,Ecuador,283560,17084357,SA
EE,EST,Estonia,45226,1320884,EU
EG,EGY,Egypt,1001450,98423595,AF
EH,ESH,Western-Sahara,266000,273008,AF
ER,ERI,Eritrea,121320,0,AF
ES,ESP,Spain,504782,46723749,EU
ET,ETH,Ethiopia,1127127,109224559,AF
FI,FIN,Finland,337030,5518050,EU
FJ,FJI,Fiji,18270,883483,OC
FK,FLK,Falkland-Islands,12173,2638,SA
FM,FSM,Micronesia,702,112640,OC
FO,FRO,Faroe-Islands,1399,48497,EU
FR,FRA,France,547030,66987244,EU
GA,GAB,Gabon,267667,2119275,AF
GB,GBR,United-Kingdom,244820,66488991,EU
GD,GRD,Grenada,344,111454,NA
GE,GEO,Georgia,69700,3731000,AS
GF,GUF,French-Guiana,91000,195506,SA
GG,GGY,Guernsey,78,65228,EU
GH,GHA,Ghana,239460,29767108,AF
GI,GIB,Gibraltar,6.5,33718,EU
GL,GRL,Greenland,2166086,56025,NA
GM,GMB,Gambia,11300,2280102,AF
GN,GIN,Guinea,245857,12414318,AF
GP,GLP,Guadeloupe,1780,443000,NA
GQ,GNQ,Equatorial-Guinea,28051,1308974,AF
GR,GRC,Greece,131940,10727668,EU
GS,SGS,South-Georgia-and-South-Sandwich-Islands,3903,30,AN
GT,GTM,Guatemala,108890,17247807,NA
GU,GUM,Guam,549,165768,OC
GW,GNB,Guinea-Bissau,36120,1874309,AF
GY,GUY,Guyana,214970,779004,SA
HK,HKG,Hong-Kong,1092,7451000,AS
HM,HMD,Heard-Island-and-McDonald-Islands,412,0,AN
HN,HND,Honduras,112090,9587522,NA
HR,HRV,Croatia,56542,4089400,EU
HT,HTI,Haiti,27750,11123176,NA
HU,HUN,Hungary,93030,9768785,EU
ID,IDN,Indonesia,1919440,267663435,AS
IE,IRL,Ireland,70280,4853506,EU
IL,ISR,Israel,20770,8883800,AS
IM,IMN,Isle-of-Man,572,84077,EU
IN,IND,India,3287590,1352617328,AS
IO,IOT,British-Indian-Ocean-Territory,60,4000,AS
IQ,IRQ,Iraq,437072,38433600,AS
IR,IRN,Iran,1648000,81800269,AS
IS,ISL,Iceland,103000,353574,EU
IT,ITA,Italy,301230,60431283,EU
JE,JEY,Jersey,116,90812,EU
JM,JAM,Jamaica,10991,2934855,NA
JO,JOR,Jordan,92300,9956011,AS
JP,JPN,Japan,377835,126529100,AS
KE,KEN,Kenya,582650,51393010,AF
KG,KGZ,Kyrgyzstan,198500,6315800,AS
KH,KHM,Cambodia,181040,16249798,AS
KI,KIR,Kiribati,811,115847,OC
KM,COM,Comoros,2170,832322,AF
KN,KNA,St-Kitts-and-Nevis,261,52441,NA
KP,PRK,North-Korea,120540,25549819,AS
KR,KOR,South-Korea,98480,51635256,AS
KW,KWT,Kuwait,17820,4137309,AS
KY,CYM,Cayman-Islands,262,64174,NA
KZ,KAZ,Kazakhstan,2717300,18276499,AS
LA,LAO,Laos,236800,7061507,AS
LB,LBN,Lebanon,10400,6848925,AS
LC,LCA,Saint-Lucia,616,181889,NA
LI,LIE,Liechtenstein,160,37910,EU
LK,LKA,Sri-Lanka,65610,21670000,AS
LR,LBR,Liberia,111370,4818977,AF
LS,LSO,Lesotho,30355,2108132,AF
LT,LTU,Lithuania,65200,2789533,EU
LU,LUX,Luxembourg,2586,607728,EU
LV,LVA,Latvia,64589,1926542,EU
LY,LBY,Libya,1759540,6678567,AF
MA,MAR,Morocco,446550,36029138,AF
MC,MCO,Monaco,1.9,38682,EU
MD,MDA,Moldova,33843,3545883,EU
ME,MNE,Montenegro,14026,622345,EU
MF,MAF,Saint-Martin,53,37264,NA
MG,MDG,Madagascar,587040,26262368,AF
MH,MHL,Marshall-Islands,181.3,58413,OC
MK,MKD,North-Macedonia,25333,2082958,EU
ML,MLI,Mali,1240000,19077690,AF
MM,MMR,Myanmar,678500,53708395,AS
MN,MNG,Mongolia,1565000,3170208,AS
MO,MAC,Macao,254,631636,AS
MP,MNP,Northern-Mariana-Islands,477,56882,OC
MQ,MTQ,Martinique,1100,432900,NA
MR,MRT,Mauritania,1030700,4403319,AF
MS,MSR,Montserrat,102,9341,NA
MT,MLT,Malta,316,483530,EU
MU,MUS,Mauritius,2040,1265303,AF
MV,MDV,Maldives,300,515696,AS
MW,MWI,Malawi,118480,17563749,AF
MX,MEX,Mexico,1972550,126190788,NA
MY,MYS,Malaysia,329750,31528585,AS
MZ,MOZ,Mozambique,801590,29495962,AF
NA,NAM,Namibia,825418,2448255,AF
NC,NCL,New-Caledonia,19060,284060,OC
NE,NER,Niger,1267000,22442948,AF
NF,NFK,Norfolk-Island,34.6,1828,OC
NG,NGA,Nigeria,923768,195874740,AF
NI,NIC,Nicaragua,129494,6465513,NA
NL,NLD,Netherlands,41526,17231017,EU
NO,NOR,Norway,324220,5314336,EU
NP,NPL,Nepal,140800,28087871,AS
NR,NRU,Nauru,21,12704,OC
NU,NIU,Niue,260,2166,OC
NZ,NZL,New-Zealand,268680,4885500,OC
OM,OMN,Oman,212460,4829483,AS
PA,PAN,Panama,78200,4176873,NA
PE,PER,Peru,1285220,31989256,SA
PF,PYF,French-Polynesia,4167,277679,OC
PG,PNG,Papua-New-Guinea,462840,8606316,OC
PH,PHL,Philippines,300000,106651922,AS
PK,PAK,Pakistan,803940,212215030,AS
PL,POL,Poland,312685,37978548,EU
PM,SPM,Saint-Pierre-and-Miquelon,242,7012,NA
PN,PCN,Pitcairn-Islands,47,46,OC
PR,PRI,Puerto-Rico,9104,3195153,NA
PS,PSE,Palestine,5970,4569087,AS
PT,PRT,Portugal,92391,10281762,EU
PW,PLW,Palau,458,17907,OC
PY,PRY,Paraguay,406750,6956071,SA
QA,QAT,Qatar,11437,2781677,AS
RE,REU,Réunion,2517,776948,AF
RO,ROU,Romania,237500,19473936,EU
RS,SRB,Serbia,88361,6982084,EU
RU,RUS,Russia,17100000,144478050,EU
RW,RWA,Rwanda,26338,12301939,AF
SA,SAU,Saudi-Arabia,1960582,33699947,AS
SB,SLB,Solomon-Islands,28450,652858,OC
SC,SYC,Seychelles,455,96762,AF
SD,SDN,Sudan,1861484,41801533,AF
SE,SWE,Sweden,449964,10183175,EU
SG,SGP,Singapore,692.7,5638676,AS
SH,SHN,Saint-Helena,410,7460,AF
SI,SVN,Slovenia,20273,2067372,EU
SJ,SJM,Svalbard-and-Jan-Mayen,62049,2550,EU
SK,SVK,Slovakia,48845,5447011,EU
SL,SLE,Sierra-Leone,71740,7650154,AF
SM,SMR,San-Marino,61.2,33785,EU
SN,SEN,Senegal,196190,15854360,AF
SO,SOM,Somalia,637657,15008154,AF
SR,SUR,Suriname,163270,575991,SA
SS,SSD,South-Sudan,644329,8260490,AF
ST,STP,São-Tomé-and-Príncipe,1001,197700,AF
SV,SLV,El-Salvador,21040,6420744,NA
SX,SXM,Sint-Maarten,21,40654,NA
SY,SYR,Syria,185180,16906283,AS
SZ,SWZ,Eswatini,17363,1136191,AF
TC,TCA,Turks-and-Caicos-Islands,430,37665,NA
TD,TCD,Chad,1284000,15477751,AF
TF,ATF,French-Southern-Territories,7829,140,AN
TG,TGO,Togo,56785,7889094,AF
TH,THA,Thailand,514000,69428524,AS
TJ,TJK,Tajikistan,143100,9100837,AS
TK,TKL,Tokelau,10,1466,OC
TL,TLS,Timor-Leste,15007,1267972,OC
TM,TKM,Turkmenistan,488100,5850908,AS
TN,TUN,Tunisia,163610,11565204,AF
TO,TON,Tonga,748,103197,OC
TR,TUR,Turkey,780580,82319724,AS
TT,TTO,Trinidad-and-Tobago,5128,1389858,NA
TV,TUV,Tuvalu,26,11508,OC
TW,TWN,Taiwan,35980,22894384,AS
TZ,TZA,Tanzania,945087,56318348,AF
UA,UKR,Ukraine,603700,44622516,EU
UG,UGA,Uganda,236040,42723139,AF
UM,UMI,U.S.-Minor-Outlying-Islands,0,0,OC
US,USA,United-States,9629091,327167434,NA
UY,URY,Uruguay,176220,3449299,SA
UZ,UZB,Uzbekistan,447400,32955400,AS
VA,VAT,Vatican-City,0.4,921,EU
VC,VCT,St-Vincent-and-Grenadines,389,110211,NA
VE,VEN,Venezuela,912050,28870195,SA
VG,VGB,British-Virgin-Islands,153,29802,NA
VI,VIR,U.S.-Virgin-Islands,352,106977,NA
VN,VNM,Vietnam,329560,95540395,AS
VU,VUT,Vanuatu,12200,292680,OC
WF,WLF,Wallis-and-Futuna,274,16025,OC
WS,WSM,Samoa,2944,196130,OC
XK,XKX,Kosovo,10908,1845300,EU
YE,YEM,Yemen,527970,28498687,AS
YT,MYT,Mayotte,374,159042,AF
ZA,ZAF,South-Africa,1219912,57779622,AF
ZM,ZMB,Zambia,752614,17351822,AF
ZW,ZWE,Zimbabwe,390580,14439018,AF
